{"loss": [0.7795734405517578], "accuracy": [0.6575591564178467], "val_loss": [0.5860109329223633], "val_accuracy": [0.7657318711280823]}