{"loss": [0.7964596748352051], "accuracy": [0.6518656611442566], "val_loss": [0.5510464906692505], "val_accuracy": [0.7873141169548035]}