{"loss": [1.0126010179519653, 0.7241360545158386, 0.6123856902122498, 0.5419691205024719, 0.4945572316646576, 0.4573911726474762, 0.4360131323337555, 0.4170774817466736, 0.3973124027252197, 0.38715118169784546, 0.37506791949272156, 0.36762261390686035, 0.35684579610824585, 0.3508773744106293, 0.345822811126709, 0.34013140201568604, 0.3314421772956848, 0.3328132927417755, 0.32786083221435547, 0.32057204842567444, 0.3142375946044922, 0.31532812118530273, 0.3102281391620636, 0.30280977487564087, 0.3009740710258484, 0.29878368973731995, 0.29764583706855774, 0.2921328842639923, 0.2931922376155853, 0.285629004240036], "accuracy": [0.5253313779830933, 0.6977235078811646, 0.754841148853302, 0.7885638475418091, 0.8093138933181763, 0.8234201073646545, 0.8323624730110168, 0.8396989703178406, 0.8491136431694031, 0.8525142669677734, 0.856103777885437, 0.8596932888031006, 0.8636292219161987, 0.8662741184234619, 0.8669668436050415, 0.8711861371994019, 0.872288167476654, 0.8714065551757812, 0.8748071193695068, 0.8784911632537842, 0.880285918712616, 0.8826159238815308, 0.8827103972434998, 0.8846311569213867, 0.8856701850891113, 0.8870556354522705, 0.8857646584510803, 0.8888189196586609, 0.8896061182022095, 0.8899209499359131], "val_loss": [0.7905051112174988, 0.6362600326538086, 0.5414279699325562, 0.4981341063976288, 0.4620222747325897, 0.4248315393924713, 0.44318151473999023, 0.3966723680496216, 0.40625840425491333, 0.3845621347427368, 0.3655463457107544, 0.3748838007450104, 0.3790014684200287, 0.38464391231536865, 0.3618314266204834, 0.34905901551246643, 0.34539541602134705, 0.3417769968509674, 0.34215259552001953, 0.34728917479515076, 0.33549267053604126, 0.3351604640483856, 0.3352097272872925, 0.32178789377212524, 0.3366253077983856, 0.35052528977394104, 0.33589714765548706, 0.34632858633995056, 0.3292994797229767, 0.32703912258148193], "val_accuracy": [0.6575135588645935, 0.7443003058433533, 0.7886383533477783, 0.8176092505455017, 0.824411153793335, 0.8458244204521179, 0.8400302529335022, 0.8506109118461609, 0.8523743748664856, 0.8548935651779175, 0.8658521175384521, 0.8600579500198364, 0.8587983250617981, 0.8634588718414307, 0.8713943958282471, 0.8711424469947815, 0.8794558644294739, 0.8784481883049011, 0.8804635405540466, 0.8768106698989868, 0.8826048374176025, 0.880589485168457, 0.880967378616333, 0.8880211710929871, 0.8823529481887817, 0.8732838034629822, 0.8823529481887817, 0.8778183460235596, 0.8894067406654358, 0.8877692222595215]}