{"loss": [0.7086786031723022, 0.4046032428741455, 0.3273935616016388, 0.2891634404659271, 0.2665625512599945, 0.25191617012023926, 0.24136358499526978, 0.23171810805797577, 0.22177797555923462, 0.21638280153274536, 0.20871226489543915, 0.2028346061706543, 0.20060575008392334, 0.19560350477695465, 0.18856076896190643, 0.18672692775726318, 0.1858796775341034, 0.18075008690357208, 0.1795138567686081, 0.17950230836868286, 0.1739475280046463, 0.17249615490436554, 0.17114515602588654, 0.16975627839565277, 0.17090868949890137, 0.16550666093826294, 0.16288171708583832, 0.16848984360694885, 0.1605139523744583, 0.16445371508598328, 0.16202619671821594, 0.16260898113250732, 0.15750440955162048, 0.15663540363311768, 0.16019898653030396, 0.16281113028526306, 0.15183524787425995, 0.15414029359817505, 0.15335385501384735, 0.15007856488227844, 0.15271756052970886, 0.15529310703277588, 0.14902707934379578, 0.14780284464359283, 0.1492299735546112, 0.15150177478790283, 0.1520334631204605, 0.1437631994485855, 0.15200351178646088, 0.14348609745502472, 0.1474386602640152, 0.14773382246494293, 0.1430545449256897, 0.14427796006202698, 0.14378060400485992, 0.14422260224819183, 0.1409115344285965, 0.14212819933891296, 0.14363394677639008, 0.14369361102581024, 0.14083091914653778, 0.1412617415189743, 0.13864876329898834, 0.14882248640060425, 0.13739807903766632, 0.1388692408800125, 0.1486060917377472, 0.13893656432628632, 0.14178943634033203, 0.1372322142124176, 0.1662314236164093, 0.16604112088680267, 0.14030642807483673, 0.14145255088806152, 0.14741449058055878, 0.14258404076099396, 0.13559049367904663, 0.1551244705915451, 0.13278669118881226, 0.13471932709217072, 0.1466946303844452, 0.13269929587841034, 0.18330354988574982, 0.16452795267105103, 0.13766957819461823, 0.13259968161582947, 0.1353847086429596, 0.14220640063285828, 0.13608378171920776, 0.13054358959197998, 0.13172683119773865, 0.14076672494411469, 0.13189047574996948, 0.12766484916210175, 0.13675275444984436, 0.13210329413414001, 0.138026162981987, 0.14256614446640015, 0.13000546395778656, 0.13864120841026306], "accuracy": [0.6991389393806458, 0.8481578230857849, 0.8795740008354187, 0.8950546383857727, 0.9037282466888428, 0.9096726775169373, 0.9135310649871826, 0.9174835681915283, 0.9212478399276733, 0.9239299297332764, 0.9254826903343201, 0.9277569651603699, 0.9291999340057373, 0.9326819181442261, 0.9344856142997742, 0.9350816607475281, 0.9351914525032043, 0.9366187453269958, 0.9375127553939819, 0.9369481205940247, 0.9396458268165588, 0.9399438500404358, 0.9394105672836304, 0.9414809346199036, 0.9407280683517456, 0.9427356719970703, 0.9422181248664856, 0.9413554668426514, 0.9444296360015869, 0.9430180191993713, 0.9435356259346008, 0.9439433813095093, 0.9451040625572205, 0.9455589056015015, 0.945025622844696, 0.9441472887992859, 0.9474881291389465, 0.9468920826911926, 0.9476449489593506, 0.9484291672706604, 0.9471901059150696, 0.9473783373832703, 0.9491036534309387, 0.9487115144729614, 0.9489938616752625, 0.9482409954071045, 0.9478175044059753, 0.9508916735649109, 0.947723388671875, 0.9518013596534729, 0.9503583908081055, 0.9496839642524719, 0.9513778686523438, 0.9512210488319397, 0.950875997543335, 0.9516288638114929, 0.952068030834198, 0.9520052671432495, 0.9511269330978394, 0.9519582390785217, 0.952068030834198, 0.9516288638114929, 0.9534639120101929, 0.9503270387649536, 0.953887403011322, 0.9522876143455505, 0.9498721957206726, 0.9534639120101929, 0.9518170356750488, 0.9540599584579468, 0.943676769733429, 0.9449629187583923, 0.9527581334114075, 0.9525699019432068, 0.9496212005615234, 0.9527424573898315, 0.9550009965896606, 0.9475822448730469, 0.9554244875907898, 0.9544206857681274, 0.9515817761421204, 0.9551578760147095, 0.9393635392189026, 0.9456530213356018, 0.9527581334114075, 0.9555342793464661, 0.953903079032898, 0.9522562026977539, 0.9540286064147949, 0.9563812613487244, 0.9554558992385864, 0.9534639120101929, 0.9558950662612915, 0.9566949605941772, 0.9531816244125366, 0.9558793306350708, 0.9538246989250183, 0.9528522491455078, 0.9564126133918762, 0.9536678194999695], "val_loss": [0.5034961104393005, 0.3661629259586334, 0.35877299308776855, 0.3415209949016571, 0.313029408454895, 0.2769535481929779, 0.3010059595108032, 0.27649012207984924, 0.2629707157611847, 0.26680612564086914, 0.25893130898475647, 0.2615039646625519, 0.2546759843826294, 0.23019680380821228, 0.2365090698003769, 0.2402663379907608, 0.24883392453193665, 0.22414661943912506, 0.2396266758441925, 0.21838407218456268, 0.22825852036476135, 0.23456571996212006, 0.21054629981517792, 0.1974990963935852, 0.22641640901565552, 0.20123659074306488, 0.22138603031635284, 0.19540704786777496, 0.18943610787391663, 0.19840067625045776, 0.2003662884235382, 0.2192099392414093, 0.1900312602519989, 0.2054138332605362, 0.19182941317558289, 0.18685604631900787, 0.18671852350234985, 0.1991797238588333, 0.18923436105251312, 0.1936715841293335, 0.1845923811197281, 0.18733350932598114, 0.18753251433372498, 0.1975562423467636, 0.18856018781661987, 0.2187379151582718, 0.1959158331155777, 0.1948670744895935, 0.17173916101455688, 0.190245121717453, 0.26697811484336853, 0.1770246922969818, 0.19111807644367218, 0.17766712605953217, 0.19272570312023163, 0.22001351416110992, 0.20305711030960083, 0.17343389987945557, 0.1761898696422577, 0.1977657824754715, 0.17161916196346283, 0.1816941499710083, 0.18335796892642975, 0.2123841643333435, 0.20011582970619202, 0.18633690476417542, 0.18591181933879852, 0.2096930295228958, 0.197642982006073, 0.17457351088523865, 0.20504355430603027, 0.21782642602920532, 0.1922345608472824, 0.2574036419391632, 0.1829189658164978, 0.16292037069797516, 0.1628924459218979, 0.17209811508655548, 0.17673856019973755, 0.18430158495903015, 0.19046680629253387, 0.1761821061372757, 0.21621541678905487, 0.20009735226631165, 0.17221231758594513, 0.16679860651493073, 0.16153070330619812, 0.20831304788589478, 0.16676241159439087, 0.31475958228111267, 0.19370056688785553, 0.1865331530570984, 0.17460477352142334, 0.1756429374217987, 0.1731337308883667, 0.29338908195495605, 0.18431101739406586, 0.1571720838546753, 0.17105169594287872, 0.1848844736814499],