{"loss": [0.6560834646224976], "accuracy": [0.7244694828987122], "val_loss": [0.38310280442237854], "val_accuracy": [0.8558880686759949]}