{"loss": [0.959942102432251, 0.6763456463813782, 0.5797271728515625, 0.5201354622840881, 0.473522812128067, 0.44795113801956177, 0.4256397783756256, 0.40277934074401855, 0.39117708802223206, 0.37353870272636414, 0.36557331681251526, 0.3606642782688141, 0.3466397821903229, 0.34661078453063965, 0.33936163783073425, 0.33319801092147827, 0.32881709933280945, 0.32243868708610535, 0.32090896368026733, 0.3136058747768402, 0.30753064155578613, 0.3072110712528229, 0.30341067910194397, 0.3040781617164612, 0.29746827483177185, 0.2952723801136017, 0.29256385564804077, 0.29136115312576294, 0.28324347734451294, 0.286847323179245, 0.28405776619911194, 0.2842581868171692, 0.28126853704452515, 0.27913153171539307, 0.27830687165260315, 0.2723161280155182, 0.2689506411552429, 0.2689530849456787, 0.26641321182250977, 0.2716846168041229, 0.26448360085487366, 0.26343005895614624, 0.2635975778102875, 0.2621521055698395, 0.26315367221832275, 0.2594398856163025, 0.25834885239601135, 0.25644055008888245, 0.25896674394607544, 0.25023436546325684, 0.2521739602088928, 0.25460535287857056, 0.2520822286605835, 0.2576570510864258, 0.2491309940814972, 0.24630063772201538, 0.24579961597919464, 0.2453971654176712, 0.25106748938560486, 0.2482730746269226, 0.2414778620004654, 0.24571022391319275, 0.24300041794776917, 0.23854869604110718, 0.2393842190504074, 0.2427443116903305, 0.24072861671447754, 0.24017785489559174, 0.23298390209674835, 0.23441550135612488, 0.23530465364456177, 0.24108746647834778, 0.2312428206205368, 0.23517774045467377, 0.23495787382125854, 0.2317848950624466, 0.231066033244133, 0.23629766702651978, 0.23091743886470795, 0.2342541366815567, 0.22696846723556519, 0.22745518386363983, 0.2281554639339447, 0.22597704827785492, 0.22944146394729614, 0.22443857789039612, 0.2255159467458725, 0.2249111831188202, 0.22664237022399902, 0.22357802093029022, 0.2293674647808075, 0.2193971872329712, 0.22071628272533417, 0.21583661437034607, 0.22283469140529633, 0.21761775016784668, 0.22131671011447906, 0.2221277803182602, 0.2219996452331543, 0.22159670293331146], "accuracy": [0.5542365908622742, 0.7197644710540771, 0.7683806419372559, 0.7954595685005188, 0.8171226978302002, 0.8264428973197937, 0.8351648449897766, 0.8439497351646423, 0.8498063683509827, 0.8569854497909546, 0.8596618175506592, 0.8625271320343018, 0.8671242594718933, 0.8700211048126221, 0.8715009689331055, 0.8731383085250854, 0.8752479553222656, 0.877829909324646, 0.8777984380722046, 0.8813879489898682, 0.8842217922210693, 0.8851664066314697, 0.8861110210418701, 0.8871815800666809, 0.8876853585243225, 0.8888189196586609, 0.8900154232978821, 0.8893226981163025, 0.8927863240242004, 0.8934160470962524, 0.8934475183486938, 0.8919361233711243, 0.892565906047821, 0.8940772414207458, 0.8959349989891052, 0.8980761170387268, 0.8971630334854126, 0.8984540104866028, 0.8983595371246338, 0.897824227809906, 0.9005951285362244, 0.9006895422935486, 0.9017916321754456, 0.901098906993866, 0.9014767408370972, 0.9011618494987488, 0.9019490480422974, 0.9032400250434875, 0.901287853717804, 0.9041531682014465, 0.9056330323219299, 0.9043735861778259, 0.9040272235870361, 0.903365969657898, 0.9061053395271301, 0.9064202308654785, 0.9069240093231201, 0.9059479236602783, 0.9061053395271301, 0.9054441452026367, 0.9081520438194275, 0.9078371524810791, 0.9101986885070801, 0.9098523259162903, 0.9087502956390381, 0.9091281294822693, 0.9104820489883423, 0.9069554805755615, 0.9118989706039429, 0.9131270051002502, 0.9112692475318909, 0.9093800187110901, 0.912749171257019, 0.9116156101226807, 0.9110803008079529, 0.9138197302818298, 0.9116156101226807, 0.9101672172546387, 0.9116470813751221, 0.9126861691474915, 0.915016233921051, 0.9138197302818298, 0.9150791764259338, 0.9143864512443542, 0.9133474230766296, 0.9142290353775024, 0.9150477051734924, 0.914827287197113, 0.9137881994247437, 0.9136622548103333, 0.9130640029907227, 0.9170628786087036, 0.9169054627418518, 0.9186057448387146, 0.9164016246795654, 0.9174092411994934, 0.9158033728599548, 0.915740430355072, 0.9174092411994934, 0.915834903717041], "val_loss": [0.7463976740837097, 0.6000257134437561, 0.5047320127487183, 0.4675983786582947, 0.4312601387500763, 0.4204397201538086, 0.38990306854248047, 0.38806310296058655, 0.3852453827857971, 0.35935693979263306, 0.36291414499282837, 0.3403867483139038, 0.35087963938713074, 0.36804619431495667, 0.3363454043865204, 0.32596075534820557, 0.33583348989486694, 0.3315739631652832, 0.33218449354171753, 0.33516186475753784, 0.32115447521209717, 0.3254261910915375, 0.33042779564857483, 0.3171767592430115, 0.33089959621429443, 0.32727742195129395, 0.33509325981140137, 0.31679221987724304, 0.3141354024410248, 0.31578850746154785, 0.31513744592666626, 0.3083742558956146, 0.34100380539894104, 0.33769491314888, 0.3159974217414856, 0.3136843144893646, 0.3033398687839508, 0.3167458474636078, 0.3104943335056305, 0.3251083791255951, 0.308243989944458, 0.31688523292541504, 0.3045232594013214, 0.31264176964759827, 0.3081705570220947, 0.31902241706848145, 0.3200474679470062, 0.3039436638355255, 0.3021999001502991, 0.3391837179660797, 0.30570298433303833, 0.307495653629303, 0.2965550720691681, 0.2928432822227478, 0.2982465326786041, 0.29869160056114197, 0.300805926322937, 0.30396538972854614, 0.29961660504341125, 0.3054906725883484, 0.2998693585395813, 0.2999148964881897, 0.30861765146255493, 0.3124568462371826, 0.32188907265663147, 0.3093754053115845, 0.30803796648979187, 0.301738440990448, 0.30646395683288574, 0.30625060200691223, 0.3159356713294983, 0.30004164576530457, 0.32464152574539185, 0.3111630976200104, 0.3055773079395294, 0.2988755404949188, 0.2972521483898163, 0.2992928922176361, 0.3127710223197937, 0.2978872060775757, 0.3065491020679474, 0.31350061297416687, 0.2967810034751892, 0.2974132001399994, 0.30144834518432617, 0.304367333650589, 0.28993722796440125, 0.30845537781715393, 0.2976055145263672, 0.31340542435646057, 0.3077544569969177, 0.3111543655395508, 0.3070041537284851, 0.30840930342674255, 0.3092402219772339, 0.30317509174346924, 0.3129044771194458, 0.28987738490104675, 0.31376877427101135, 0.2989029586315155],