{"loss": [0.8096756935119629], "accuracy": [0.6389572620391846], "val_loss": [0.487313449382782], "val_accuracy": [0.8174917101860046]}