{"loss": [0.9336681365966797, 0.6535369753837585], "accuracy": [0.5811895728111267, 0.7363266944885254], "val_loss": [0.6962072253227234, 0.5927698016166687], "val_accuracy": [0.7135659456253052, 0.7701221704483032]}