{"loss": [0.6828859448432922, 0.4022531509399414, 0.3374512791633606, 0.30611932277679443, 0.2845652401447296, 0.2717266380786896, 0.2588585615158081, 0.2486003190279007, 0.23875321447849274, 0.22991478443145752, 0.22502680122852325, 0.2194327414035797, 0.2157132625579834, 0.21162381768226624, 0.20492514967918396, 0.20465368032455444, 0.2016158550977707, 0.19772733747959137, 0.19402411580085754, 0.19101083278656006, 0.1901887208223343, 0.1863122582435608, 0.18336221575737, 0.18092255294322968, 0.1778578758239746, 0.17729641497135162, 0.1737658828496933, 0.17543774843215942, 0.17488352954387665, 0.1710275560617447, 0.1682211458683014, 0.16737686097621918, 0.16706739366054535, 0.16741780936717987, 0.16308696568012238, 0.16361139714717865, 0.16146674752235413, 0.16368533670902252, 0.15885795652866364, 0.1650732010602951, 0.1601397693157196, 0.1602756828069687, 0.15446417033672333, 0.15742294490337372, 0.15629391372203827, 0.15281352400779724, 0.15636122226715088, 0.15654854476451874, 0.15721377730369568, 0.16807812452316284, 0.15417926013469696, 0.15402428805828094, 0.1532500833272934, 0.15622955560684204, 0.1625719666481018, 0.14877083897590637, 0.15559022128582, 0.1477379947900772, 0.15135760605335236, 0.1640966385602951, 0.14914073050022125, 0.14535121619701385, 0.15707933902740479, 0.15150099992752075, 0.14747931063175201], "accuracy": [0.7170506715774536, 0.8523142337799072, 0.877284049987793, 0.8894709348678589, 0.8975798487663269, 0.9034145474433899, 0.9089668393135071, 0.9119939804077148, 0.9156641364097595, 0.9183775782585144, 0.9209027886390686, 0.9230672717094421, 0.9246513843536377, 0.9266119599342346, 0.9291842579841614, 0.9288235306739807, 0.9296234250068665, 0.930454671382904, 0.9321643114089966, 0.9331681132316589, 0.9348777532577515, 0.9347051978111267, 0.9358815550804138, 0.9372304081916809, 0.9387518167495728, 0.938124418258667, 0.9405555725097656, 0.939332127571106, 0.9393792152404785, 0.9413554668426514, 0.9413083791732788, 0.9415907263755798, 0.9426102042198181, 0.9419201016426086, 0.9438493251800537, 0.94413161277771, 0.9436454176902771, 0.9440531730651855, 0.9458726048469543, 0.9432846307754517, 0.9453079700469971, 0.9450570344924927, 0.9472998976707458, 0.9467980265617371, 0.9473312497138977, 0.9483978152275085, 0.9464058876037598, 0.9464529156684875, 0.9463745355606079, 0.9437237977981567, 0.9475351572036743, 0.9476920366287231, 0.9484134912490845, 0.9469548463821411, 0.9452609419822693, 0.9491506814956665, 0.9480841159820557, 0.9502172470092773, 0.9477704167366028, 0.9439747929573059, 0.9494643807411194, 0.9496212005615234, 0.9463745355606079, 0.9481625556945801, 0.9494800567626953], "val_loss": [0.4230487048625946, 0.3262239694595337, 0.29447925090789795, 0.29025349020957947, 0.3528357744216919, 0.26140937209129333, 0.23378899693489075, 0.2573036849498749, 0.23339687287807465, 0.2431296408176422, 0.22373440861701965, 0.23548394441604614, 0.24746090173721313, 0.2311261147260666, 0.20726971328258514, 0.20556385815143585, 0.19876328110694885, 0.19997787475585938, 0.20708799362182617, 0.19764527678489685, 0.20324479043483734, 0.1862056404352188, 0.18791502714157104, 0.17604491114616394, 0.1787548065185547, 0.18782778084278107, 0.1771129071712494, 0.19672904908657074, 0.182988241314888, 0.19888707995414734, 0.18543243408203125, 0.16215144097805023, 0.20405876636505127, 0.17384026944637299, 0.1658693104982376, 0.17911691963672638, 0.17296989262104034, 0.18619902431964874, 0.1661587953567505, 0.17042717337608337, 0.1773647516965866, 0.16533981263637543, 0.16823884844779968, 0.15882885456085205, 0.16599135100841522, 0.1867603361606598, 0.18907280266284943, 0.16155394911766052, 0.16151872277259827, 0.16168871521949768, 0.15700016915798187, 0.18512971699237823, 0.23955801129341125, 0.1669624298810959, 0.1669568419456482, 0.18625332415103912, 0.16896159946918488, 0.1645698994398117, 0.1685851663351059, 0.17509950697422028, 0.17397627234458923, 0.16371160745620728, 0.1751733273267746, 0.1686459183692932, 0.16711458563804626], "val_accuracy": [0.8431520462036133, 0.8820503354072571, 0.893406093120575, 0.8960411548614502, 0.8701925873756409, 0.905577540397644, 0.9188781976699829, 0.9089027047157288, 0.9161177277565002, 0.9131689667701721, 0.9215132594108582, 0.9163686633110046, 0.9118514060974121, 0.9188154935836792, 0.9273480176925659, 0.9249639511108398, 0.931049644947052, 0.9296693801879883, 0.9282263517379761, 0.9316142797470093, 0.9290419816970825, 0.9358805418014526, 0.9376372694969177, 0.942217230796814, 0.9383901357650757, 0.9366334080696106, 0.9378882050514221, 0.9320534467697144, 0.9373862743377686, 0.9289165139198303, 0.9376999735832214, 0.9444758296012878, 0.9299203157424927, 0.9400840997695923, 0.9419035315513611, 0.936257004737854, 0.9405859708786011, 0.9333082437515259, 0.9459187984466553, 0.9414643049240112, 0.9383273720741272, 0.9433465003967285, 0.9415270686149597, 0.9455423951148987, 0.9451032280921936, 0.9375117421150208, 0.9360060095787048, 0.9443503618240356, 0.9464834928512573, 0.9442875981330872, 0.9466716647148132, 0.938954770565033, 0.9124161005020142, 0.9432837963104248, 0.9414016008377075, 0.9379509091377258, 0.9414643049240112, 0.9435347318649292, 0.943409264087677, 0.9393311738967896, 0.941338837146759, 0.942656397819519, 0.938954770565033, 0.9425308704376221, 0.9437229633331299]}