{"loss": [0.7787182927131653], "accuracy": [0.6530733704566956], "val_loss": [0.5278711915016174], "val_accuracy": [0.7989208698272705]}