{"loss": [0.42813214659690857], "accuracy": [0.83791583776474], "val_loss": [0.4054153263568878], "val_accuracy": [0.8453478813171387]}