{"loss": [0.8120719790458679, 0.44012024998664856], "accuracy": [0.6420785188674927, 0.8348886966705322], "val_loss": [0.5434932112693787, 0.46087583899497986], "val_accuracy": [0.7883806824684143, 0.8297885656356812]}