{"loss": [25.378753662109375], "accuracy": [0.247141495347023], "val_loss": [1.386417031288147], "val_accuracy": [0.24606311321258545]}