{"loss": [211.4147491455078, 87.7381362915039], "accuracy": [0.3447526693344116, 0.3573790192604065], "val_loss": [262.72259521484375, 49.113197326660156], "val_accuracy": [0.27522358298301697, 0.31477516889572144]}