{"loss": [161.4327392578125, 21.916187286376953, 1.6941320896148682, 1.310730218887329, 1.2519124746322632, 1.2564868927001953, 1.2485185861587524, 1.2526416778564453, 1.2585835456848145, 1.2752872705459595, 1.2598018646240234, 1.3159846067428589, 1.3872926235198975, 1.337487816810608, 1.3845970630645752, 1.389025330543518, 1.3861891031265259, 1.385790467262268, 1.3866533041000366, 1.3871463537216187, 1.3865244388580322, 1.3864530324935913, 1.3971350193023682, 1.386512279510498, 1.3864026069641113, 1.3864027261734009, 1.3863736391067505, 1.386967420578003, 1.3864246606826782, 1.3863890171051025], "accuracy": [0.3363770842552185, 0.32000377774238586, 0.35297080874443054, 0.3794829845428467, 0.40079978108406067, 0.3965804874897003, 0.3956988453865051, 0.3898422420024872, 0.38152965903282166, 0.37346893548965454, 0.3783809244632721, 0.3349601626396179, 0.2763625979423523, 0.3136118948459625, 0.2565256953239441, 0.2535029351711273, 0.24978746473789215, 0.2535344362258911, 0.24663874506950378, 0.24789823591709137, 0.25164520740509033, 0.24827608466148376, 0.25230643153190613, 0.25183412432670593, 0.24805566668510437, 0.2461979240179062, 0.24783526360988617, 0.24972449243068695, 0.25007084012031555, 0.24909473955631256], "val_loss": [65.37345886230469, 1.6250487565994263, 1.314673662185669, 1.2333446741104126, 1.3262696266174316, 1.3241381645202637, 1.3291735649108887, 1.2205724716186523, 1.2131026983261108, 1.1896867752075195, 1.2074627876281738, 1.4103957414627075, 1.3659909963607788, 1.3918564319610596, 1.387769103050232, 1.3841488361358643, 1.3864426612854004, 1.3872475624084473, 1.3867603540420532, 1.3867603540420532, 1.3865900039672852, 1.3864190578460693, 1.386865496635437, 1.386419415473938, 1.3863321542739868, 1.386439323425293, 1.3864145278930664, 1.3866819143295288, 1.3865679502487183, 1.3863639831542969], "val_accuracy": [0.35155561566352844, 0.30192720890045166, 0.4018138349056244, 0.4246126711368561, 0.33732208609580994, 0.3569719195365906, 0.3154049515724182, 0.3879581689834595, 0.4137800633907318, 0.4217155873775482, 0.41541755199432373, 0.24234789609909058, 0.2764831781387329, 0.24511903524398804, 0.24751228094100952, 0.2515430152416229, 0.24285174906253815, 0.2539362609386444, 0.24222193658351898, 0.24222193658351898, 0.24222193658351898, 0.25683334469795227, 0.24222193658351898, 0.24700844287872314, 0.25683334469795227, 0.24222193658351898, 0.25683334469795227, 0.24222193658351898, 0.24222193658351898, 0.24700844287872314]}