{"loss": [196.40245056152344, 67.773681640625, 8.396810531616211, 1.508771538734436, 1.4285918474197388, 1.3437955379486084, 1.286444902420044, 1.2467306852340698, 1.2436497211456299, 1.2698860168457031, 1.272915244102478, 1.2748173475265503, 1.2834093570709229, 1.2825102806091309, 1.2728921175003052, 1.2890305519104004, 1.3655978441238403, 1.3409806489944458, 1.3749264478683472, 1.386151671409607, 1.394187331199646, 1.3867442607879639, 1.3863661289215088, 1.3871026039123535, 1.386386513710022, 1.38640296459198, 1.3864192962646484, 1.3865318298339844, 1.3863753080368042, 1.386455774307251, 1.4797872304916382, 1.3863379955291748, 1.3864036798477173, 1.3863919973373413, 1.3863720893859863, 1.3863959312438965, 1.3864257335662842, 1.4999244213104248, 1.3863921165466309, 1.3863861560821533, 1.3863927125930786, 1.3863835334777832, 1.3864034414291382, 1.3864116668701172, 1.3863718509674072, 1.3863823413848877, 1.3866034746170044, 1.3863472938537598, 1.3863842487335205, 1.3863909244537354, 1.386383295059204, 1.3864030838012695, 1.3863977193832397, 1.386367678642273, 1.3863857984542847, 1.3864089250564575, 1.3863929510116577, 1.3864017724990845, 1.3863853216171265, 1.3863959312438965, 1.3863766193389893, 1.3863788843154907, 1.3864027261734009, 1.386335015296936, 1.3863829374313354, 1.3863784074783325, 1.3863708972930908, 1.3863582611083984, 1.3863924741744995, 1.3863766193389893, 1.3863710165023804, 1.3863375186920166, 1.3864128589630127, 1.3863732814788818, 1.3863798379898071, 1.3863756656646729, 1.3863747119903564, 1.3863765001296997, 1.3863563537597656, 1.3864030838012695, 1.3863749504089355, 1.3864006996154785, 1.3863619565963745, 1.3863739967346191, 1.3863418102264404, 1.3863507509231567, 1.3863909244537354, 1.3863840103149414, 1.386330008506775, 1.386395812034607, 1.3863866329193115, 1.3875064849853516, 1.386289358139038, 1.386400818824768, 1.386367917060852, 1.3863513469696045, 1.3863567113876343, 1.386406660079956, 1.386386513710022, 1.3863906860351562], "accuracy": [0.34163543581962585, 0.3472086787223816, 0.3084165155887604, 0.3461380898952484, 0.3162882924079895, 0.34994804859161377, 0.37460246682167053, 0.390503466129303, 0.39040902256965637, 0.3763972520828247, 0.3695645332336426, 0.37230390310287476, 0.36014989018440247, 0.3592052757740021, 0.3657545745372772, 0.3550174832344055, 0.2831323444843292, 0.30929815769195557, 0.26921501755714417, 0.25177115201950073, 0.24991340935230255, 0.24903176724910736, 0.24862243235111237, 0.24997638165950775, 0.2461034655570984, 0.24981895089149475, 0.24925218522548676, 0.24764633178710938, 0.24988192319869995, 0.24736295640468597, 0.24802418053150177, 0.24704807996749878, 0.25098398327827454, 0.25054314732551575, 0.25095248222351074, 0.25013381242752075, 0.24745741486549377, 0.24840202927589417, 0.24963001906871796, 0.2434900403022766, 0.24969300627708435, 0.24859094619750977, 0.24874839186668396, 0.24937812983989716, 0.245977520942688, 0.25098398327827454, 0.25029125809669495, 0.24887433648109436, 0.25079503655433655, 0.25054314732551575, 0.25161370635032654, 0.25133034586906433, 0.24978746473789215, 0.25092101097106934, 0.25010234117507935, 0.24909473955631256, 0.24915771186351776, 0.24657577276229858, 0.25120437145233154, 0.24846500158309937, 0.24978746473789215, 0.2524009048938751, 0.25025975704193115, 0.24824459850788116, 0.2537233531475067, 0.24698510766029358, 0.2519285976886749, 0.2530621290206909, 0.25173965096473694, 0.25079503655433655, 0.25139331817626953, 0.2528102397918701, 0.24704807996749878, 0.24887433648109436, 0.24994489550590515, 0.25085803866386414, 0.25013381242752075, 0.25145629048347473, 0.25000786781311035, 0.24947258830070496, 0.25035423040390015, 0.24824459850788116, 0.25243237614631653, 0.24997638165950775, 0.2522434592247009, 0.2534714639186859, 0.24896879494190216, 0.24981895089149475, 0.25032272934913635, 0.25202304124832153, 0.24789823591709137, 0.24994489550590515, 0.2531251013278961, 0.24733147025108337, 0.25255832076072693, 0.24944110214710236, 0.24833905696868896, 0.2462608963251114, 0.25060611963272095, 0.24922069907188416], "val_loss": [71.06214904785156, 21.910730361938477, 1.7253090143203735, 1.3880577087402344, 1.4532233476638794, 1.3059003353118896, 1.2955474853515625, 1.2423287630081177, 1.210587978363037, 1.3736659288406372, 1.2410341501235962, 1.3321375846862793, 1.2682174444198608, 1.2947816848754883, 1.2269072532653809, 1.4219112396240234, 1.3789485692977905, 1.3349393606185913, 1.3837248086929321, 1.3866182565689087, 1.3864485025405884, 1.386671781539917, 1.3865339756011963, 1.386649250984192, 1.3866653442382812, 1.38675856590271, 1.3865495920181274, 1.3865782022476196, 1.3863162994384766, 1.386376142501831, 1.3865009546279907, 1.386742353439331, 1.3865329027175903, 1.3863306045532227, 1.386290431022644, 1.386362910270691, 1.3863309621810913, 1.38643217086792, 1.386458396911621, 1.3863468170166016, 1.386433482170105, 1.3866181373596191, 1.386695384979248, 1.3864812850952148, 1.386495590209961, 1.3862606287002563, 1.386443018913269, 1.3866100311279297, 1.3863131999969482, 1.3864926099777222, 1.386380910873413, 1.386467456817627, 1.3864741325378418, 1.3863046169281006, 1.3863955736160278, 1.3864860534667969, 1.3864980936050415, 1.386491298675537, 1.3863818645477295, 1.3864549398422241, 1.3866311311721802, 1.386510968208313, 1.3865443468093872, 1.386826992034912, 1.3863812685012817, 1.3867156505584717, 1.3866775035858154, 1.3866900205612183, 1.3864457607269287, 1.386619210243225, 1.3865067958831787, 1.3863379955291748, 1.38639497756958, 1.3863582611083984, 1.3865838050842285, 1.3864424228668213, 1.386324405670166, 1.3866424560546875, 1.3863120079040527, 1.3865270614624023, 1.3864692449569702, 1.3865246772766113, 1.3865994215011597, 1.3863835334777832, 1.3864861726760864, 1.3866863250732422, 1.3865528106689453, 1.3867303133010864, 1.3865689039230347, 1.3864786624908447, 1.386625051498413, 1.3865602016448975, 1.386126160621643, 1.3864649534225464, 1.3865563869476318, 1.3864195346832275, 1.3866417407989502, 1.386590838432312, 1.3864810466766357, 1.386370301246643],