{"loss": [22.36443519592285], "accuracy": [0.2510155737400055], "val_loss": [1.3865478038787842], "val_accuracy": [0.24443189799785614]}