{"loss": [27.024911880493164, 1.3884599208831787, 1.3875943422317505, 1.3885362148284912, 1.3874022960662842, 1.3903594017028809, 1.3869417905807495, 1.386989712715149, 1.4335218667984009, 1.3868613243103027, 1.386612892150879, 1.3866393566131592, 1.4214869737625122, 1.3864954710006714, 1.3863208293914795, 1.386432409286499, 1.3863791227340698, 1.3863637447357178, 1.3863359689712524, 1.3863837718963623, 1.3863768577575684, 1.3998595476150513, 1.3863954544067383, 1.3863681554794312, 1.386379361152649, 1.3863590955734253, 1.3863651752471924, 1.3863334655761719, 1.3863472938537598, 1.3863792419433594, 1.3863842487335205, 1.3863760232925415, 1.3863753080368042, 1.3863993883132935, 1.5125640630722046, 1.3863773345947266, 1.3864105939865112, 1.3863381147384644, 1.386387825012207, 1.3863530158996582, 1.3863950967788696, 1.3863883018493652, 1.3864011764526367, 1.3863670825958252, 1.3863712549209595, 1.3863425254821777, 1.3863952159881592, 1.3863297700881958, 1.3864065408706665, 1.386365294456482, 1.386351466178894, 1.3863993883132935, 1.386335849761963, 1.3864078521728516, 1.386352777481079, 1.3863801956176758, 1.3863773345947266, 1.3863654136657715, 1.3863508701324463, 1.3863892555236816, 1.3926239013671875, 1.386375069618225, 1.3954240083694458, 1.3863784074783325, 1.3863691091537476, 1.3864052295684814, 1.3863446712493896, 1.3864134550094604, 1.3863568305969238, 1.3863788843154907, 1.3863619565963745, 1.386374831199646, 1.3863714933395386, 1.3864002227783203, 1.3863869905471802, 1.3863887786865234, 1.3863611221313477, 1.3864164352416992, 1.3864003419876099, 1.3863415718078613, 1.3863558769226074, 1.386384129524231, 1.3863526582717896, 1.3863786458969116, 1.3863846063613892, 1.386379599571228, 1.3863756656646729, 1.3863592147827148, 1.386393427848816, 1.386364459991455, 1.3863884210586548, 1.3863691091537476, 1.3863850831985474, 1.3863862752914429, 1.3864070177078247, 1.386369228363037, 1.3863699436187744, 1.3863948583602905, 1.3863813877105713, 1.3863675594329834], "accuracy": [0.24976080656051636, 0.249211847782135, 0.24737675487995148, 0.25060778856277466, 0.2516586482524872, 0.24922753870487213, 0.2506861984729767, 0.2497921735048294, 0.24775318801403046, 0.24856878817081451, 0.25013723969459534, 0.24919617176055908, 0.2494000643491745, 0.24883541464805603, 0.25255265831947327, 0.25019997358322144, 0.2501058578491211, 0.25123515725135803, 0.25169000029563904, 0.2502940893173218, 0.2490079551935196, 0.24930596351623535, 0.24626316130161285, 0.24902363121509552, 0.24980786442756653, 0.2517370581626892, 0.24776887893676758, 0.25001177191734314, 0.25170570611953735, 0.2490863800048828, 0.2490079551935196, 0.25059208273887634, 0.2507018744945526, 0.24794140458106995, 0.2505764067173004, 0.2531643509864807, 0.24786297976970673, 0.25046661496162415, 0.24816098809242249, 0.25125083327293396, 0.24684348702430725, 0.2479100376367569, 0.2490706890821457, 0.25195664167404175, 0.249588280916214, 0.25129789113998413, 0.24800413846969604, 0.25278791785240173, 0.2496510148048401, 0.24990196526050568, 0.25034114718437195, 0.24977649748325348, 0.25230172276496887, 0.24930596351623535, 0.2526310980319977, 0.24721992015838623, 0.2507489323616028, 0.2499803900718689, 0.24701601266860962, 0.2507018744945526, 0.24935300648212433, 0.25170570611953735, 0.2482394129037857, 0.24679642915725708, 0.25131356716156006, 0.24947848916053772, 0.25145474076271057, 0.24568282067775726, 0.2521919310092926, 0.24844330549240112, 0.25242719054222107, 0.2501215636730194, 0.2519095838069916, 0.2466082125902176, 0.25032544136047363, 0.24847467243671417, 0.25054502487182617, 0.2508430480957031, 0.24885110557079315, 0.2515488564968109, 0.25143906474113464, 0.249588280916214, 0.25019997358322144, 0.2504979968070984, 0.24838057160377502, 0.25158020853996277, 0.25259971618652344, 0.25002744793891907, 0.2502313554286957, 0.25169000029563904, 0.24891383945941925, 0.25203508138656616, 0.2503882050514221, 0.24932163953781128, 0.24748654663562775, 0.2488197386264801, 0.24922753870487213, 0.24729833006858826, 0.2468748539686203, 0.24974513053894043], "val_loss": [1.3889391422271729, 1.3863463401794434, 1.3866491317749023, 1.3891476392745972, 1.3873525857925415, 1.3877018690109253, 1.3876932859420776, 1.3886682987213135, 1.3862441778182983, 1.3862496614456177, 1.3873158693313599, 1.3863824605941772, 1.3864474296569824, 1.3863136768341064, 1.386151909828186, 1.3864802122116089, 1.3862576484680176, 1.3865487575531006, 1.3862539529800415, 1.386499285697937, 1.3865009546279907, 1.3864268064498901, 1.3863621950149536, 1.386507511138916, 1.3867076635360718, 1.386236548423767, 1.3863914012908936, 1.3865132331848145, 1.3863189220428467, 1.3863080739974976, 1.3864315748214722, 1.3864109516143799, 1.3863309621810913, 1.3862589597702026, 1.3863060474395752, 1.386567234992981, 1.3862814903259277, 1.3864957094192505, 1.3862063884735107, 1.3862903118133545, 1.3863911628723145, 1.3864163160324097, 1.3864624500274658, 1.3865224123001099, 1.3867775201797485, 1.3863964080810547, 1.3864272832870483, 1.3865416049957275, 1.386489987373352, 1.386444091796875, 1.3867228031158447, 1.3865022659301758, 1.386467456817627, 1.3863753080368042, 1.3866825103759766, 1.386577844619751, 1.3864086866378784, 1.3864070177078247, 1.3863545656204224, 1.3863351345062256, 1.3863229751586914, 1.3865444660186768, 1.3866149187088013, 1.3863617181777954, 1.3866585493087769, 1.3863985538482666, 1.3865948915481567, 1.3864473104476929, 1.3862833976745605, 1.386303424835205, 1.3861451148986816, 1.3863813877105713, 1.3862082958221436, 1.386293888092041, 1.3865677118301392, 1.3866429328918457, 1.3862043619155884, 1.3864423036575317, 1.3864097595214844, 1.3861926794052124, 1.3862969875335693, 1.3864184617996216, 1.3864390850067139, 1.3863838911056519, 1.3862491846084595, 1.386517882347107, 1.3864505290985107, 1.386366605758667, 1.3863060474395752, 1.3863061666488647, 1.3864144086837769, 1.3864015340805054, 1.38649320602417, 1.386337399482727, 1.3863908052444458, 1.3865174055099487, 1.3863964080810547, 1.3864494562149048, 1.386621117591858, 1.3865233659744263],