{"loss": [1.4039535522460938, 1.230355143547058, 1.2276101112365723, 1.2330209016799927, 1.2338780164718628, 1.2294822931289673, 1.230975866317749, 1.2850964069366455, 1.3863158226013184, 1.3867733478546143, 1.386610507965088, 1.3866252899169922, 1.386574149131775, 1.3866267204284668, 1.386618971824646, 1.3865100145339966, 1.3865666389465332, 1.3868334293365479, 1.3696566820144653, 1.3239468336105347, 1.2372539043426514, 1.2319368124008179, 1.2243213653564453, 1.2108246088027954, 1.2148536443710327, 1.2265273332595825, 1.2397487163543701, 1.2151259183883667, 1.2063065767288208, 1.219939112663269, 1.228902816772461, 1.219084620475769, 1.2274380922317505, 1.2583656311035156, 1.2822362184524536, 1.2681937217712402, 1.2479702234268188, 1.2121819257736206, 1.2460920810699463, 1.2269755601882935, 1.2177082300186157, 1.2210112810134888, 1.224050521850586, 1.2183539867401123, 1.2371526956558228, 1.231242299079895, 1.213458776473999, 1.2124425172805786, 1.2022747993469238, 1.2189472913742065, 1.240796685218811, 1.2115323543548584, 1.229448676109314, 1.213031530380249, 1.2447737455368042, 1.2133967876434326, 1.2055476903915405, 1.2453209161758423, 1.221340537071228, 1.2273765802383423, 1.2205733060836792, 1.2147510051727295, 1.2113909721374512, 1.2098820209503174, 1.203250527381897], "accuracy": [0.3386765420436859, 0.3926314115524292, 0.3973681330680847, 0.39332151412963867, 0.39286667108535767, 0.3982778489589691, 0.3968975841999054, 0.34874603152275085, 0.25388583540916443, 0.24883541464805603, 0.24883541464805603, 0.2516586482524872, 0.24786297976970673, 0.24798846244812012, 0.24874131381511688, 0.25156453251838684, 0.24870994687080383, 0.25267812609672546, 0.27250340580940247, 0.31861600279808044, 0.39212948083877563, 0.39413711428642273, 0.4004579782485962, 0.40851983428001404, 0.40905311703681946, 0.39694464206695557, 0.3884122669696808, 0.4060573875904083, 0.4103706181049347, 0.40083441138267517, 0.39537620544433594, 0.40549272298812866, 0.3944508135318756, 0.3728688657283783, 0.34634628891944885, 0.35847043991088867, 0.38242074847221375, 0.40640243887901306, 0.3878946602344513, 0.4026067852973938, 0.4018852710723877, 0.4047398865222931, 0.39821508526802063, 0.40075600147247314, 0.38078954815864563, 0.39415279030799866, 0.40704551339149475, 0.4064337909221649, 0.414981871843338, 0.4018382430076599, 0.3934626877307892, 0.40919429063796997, 0.39245885610580444, 0.4063083231449127, 0.38086798787117004, 0.40646517276763916, 0.4060573875904083, 0.3786407709121704, 0.4010383188724518, 0.3996267020702362, 0.39802688360214233, 0.40787678956985474, 0.4076728820800781, 0.4039713144302368, 0.4125978350639343], "val_loss": [1.4081238508224487, 1.189746379852295, 1.1938133239746094, 1.1655775308609009, 1.1736235618591309, 1.2025237083435059, 1.231679081916809, 1.3886245489120483, 1.3869209289550781, 1.3869132995605469, 1.3870912790298462, 1.386196255683899, 1.3862265348434448, 1.387225866317749, 1.3868275880813599, 1.3861998319625854, 1.3869541883468628, 1.3872084617614746, 1.2373214960098267, 1.262583613395691, 1.2480478286743164, 1.1739481687545776, 1.1808873414993286, 1.163081169128418, 1.199894905090332, 1.20286226272583, 1.203590750694275, 1.1702615022659302, 1.1689373254776, 1.2450997829437256, 1.2495348453521729, 1.1810721158981323, 1.2241897583007812, 1.3618574142456055, 1.2867114543914795, 1.1973495483398438, 1.1836333274841309, 1.1722660064697266, 1.2240155935287476, 1.1663403511047363, 1.237339735031128, 1.175705075263977, 1.1968762874603271, 1.1790190935134888, 1.3146111965179443, 1.1718828678131104, 1.177825689315796, 1.165540099143982, 1.1737210750579834, 1.1698672771453857, 1.2007869482040405, 1.162248134613037, 1.2082865238189697, 1.168894648551941, 1.1647299528121948, 1.184212327003479, 1.1653815507888794, 1.2126532793045044, 1.1758540868759155, 1.2382452487945557, 1.1649175882339478, 1.163425087928772, 1.1929877996444702, 1.1928586959838867, 1.2205747365951538], "val_accuracy": [0.2702177166938782, 0.4073655903339386, 0.41006335616111755, 0.4213564097881317, 0.42386600375175476, 0.41345128417015076, 0.38565781712532043, 0.25522303581237793, 0.24612586200237274, 0.24625132977962494, 0.255662202835083, 0.2538427710533142, 0.255662202835083, 0.255662202835083, 0.24443189799785614, 0.255662202835083, 0.24625132977962494, 0.24650229513645172, 0.38226988911628723, 0.3810778558254242, 0.3815170228481293, 0.41884684562683105, 0.4109417200088501, 0.42430517077445984, 0.40460506081581116, 0.41175732016563416, 0.42744213342666626, 0.4160235822200775, 0.4185331463813782, 0.38220715522766113, 0.3691574037075043, 0.4216073751449585, 0.3967626690864563, 0.2820754051208496, 0.33458811044692993, 0.4110044538974762, 0.41200828552246094, 0.41897234320640564, 0.38753998279571533, 0.4298889636993408, 0.3788192570209503, 0.4254972040653229, 0.40322479605674744, 0.41727837920188904, 0.30974340438842773, 0.42587363719940186, 0.4183449447154999, 0.4273166358470917, 0.4220465421676636, 0.4214819073677063, 0.3946922719478607, 0.4283204674720764, 0.39080244302749634, 0.42104271054267883, 0.4229249060153961, 0.41163185238838196, 0.42085450887680054, 0.4042286276817322, 0.4230503737926483, 0.3845285177230835, 0.423238605260849, 0.4214191734790802, 0.40278562903404236, 0.40165629982948303, 0.4061735272407532]}