{"loss": [1.47829008102417], "accuracy": [0.26356321573257446], "val_loss": [1.3862086534500122], "val_accuracy": [0.2538427710533142]}