{"loss": [24.743999481201172], "accuracy": [0.2508430480957031], "val_loss": [1.3865816593170166], "val_accuracy": [0.24618859589099884]}