{"loss": [20.63387680053711], "accuracy": [0.2485530972480774], "val_loss": [1.3864623308181763], "val_accuracy": [0.24443189799785614]}