{"loss": [20.693552017211914, 1.38653564453125], "accuracy": [0.24860015511512756, 0.24853742122650146], "val_loss": [1.386268138885498, 1.386406421661377], "val_accuracy": [0.2537800371646881, 0.24443189799785614]}