{"loss": [22.164119720458984], "accuracy": [0.24971376359462738], "val_loss": [1.3861770629882812], "val_accuracy": [0.2555994689464569]}